<?xml version="1.0" encoding="UTF-8"?>
<project-private xmlns="http://www.netbeans.org/ns/project-private/1">
    <editor-bookmarks xmlns="http://www.netbeans.org/ns/editor-bookmarks/2" lastBookmarkId="0"/>
    <open-files xmlns="http://www.netbeans.org/ns/projectui-open-files/2">
        <group>
            <file>file:/C:/Users/dung.maitien/Downloads/bootstrap-4.3.1-dist/manageuser.html</file>
            <file>file:/C:/Users/dung.maitien/Downloads/bootstrap-4.3.1-dist/managelab.html</file>
            <file>file:/C:/Users/dung.maitien/Downloads/bootstrap-4.3.1-dist/accountform.html</file>
            <file>file:/C:/Users/dung.maitien/Downloads/bootstrap-4.3.1-dist/css/manage.css</file>
            <file>file:/C:/Users/dung.maitien/Downloads/bootstrap-4.3.1-dist/managebooking.html</file>
            <file>file:/C:/Users/dung.maitien/Downloads/bootstrap-4.3.1-dist/approvebooking.html</file>
            <file>file:/C:/Users/dung.maitien/Downloads/bootstrap-4.3.1-dist/css/index.css</file>
            <file>file:/C:/Users/dung.maitien/Downloads/bootstrap-4.3.1-dist/bookinglist.html</file>
            <file>file:/C:/Users/dung.maitien/Downloads/bootstrap-4.3.1-dist/managedevice.html</file>
            <file>file:/C:/Users/dung.maitien/Downloads/bootstrap-4.3.1-dist/booking.html</file>
        </group>
    </open-files>
</project-private>
